branch,stage,status,candidate,target_label,alpha,selection_score,oof_f1,fold_mean,fold_std,full_dev_threshold,notes
existing_probability_bank,A,evaluated,incumbent_probabilities,all,,90.10145174604418,83.55599525527954,90.60316626786852,2.0068580872972452,per_label,valid aligned saved probabilities; exact nested OOF thresholds
existing_probability_bank,A,evaluated,visobert_seed1,all,,90.56301941965359,82.25732011534923,90.8532797438689,1.16104129686128,per_label,valid aligned saved probabilities; exact nested OOF thresholds
existing_probability_bank,A,evaluated,visobert_seed2,all,,90.0549150964558,82.91955683859483,90.55452232344913,1.9984289079733246,per_label,valid aligned saved probabilities; exact nested OOF thresholds
existing_probability_bank,A,evaluated,visobert_seed3,all,,90.40754560889114,82.88421251355122,90.72575254302156,1.2728277365216656,per_label,valid aligned saved probabilities; exact nested OOF thresholds
existing_probability_bank,A,evaluated,visobert_uniform3,all,,90.99272612747015,83.39593355687846,91.30615420738503,1.2537123196595843,per_label,valid aligned saved probabilities; exact nested OOF thresholds
existing_probability_bank,A,evaluated,visobert_top2_12,all,,90.59335519593675,83.22092545789388,90.94630976370952,1.411818271091097,per_label,valid aligned saved probabilities; exact nested OOF thresholds
existing_probability_bank,A,evaluated,visobert_leave3out,all,,90.59335519593675,83.22092545789388,90.94630976370952,1.411818271091097,per_label,valid aligned saved probabilities; exact nested OOF thresholds
existing_probability_bank,A,evaluated,visobert_top2_13,all,,90.39657667054074,82.6681186011835,90.65293199924686,1.0254213148244775,per_label,valid aligned saved probabilities; exact nested OOF thresholds
existing_probability_bank,A,evaluated,visobert_leave2out,all,,90.39657667054074,82.6681186011835,90.65293199924686,1.0254213148244775,per_label,valid aligned saved probabilities; exact nested OOF thresholds
existing_probability_bank,A,evaluated,visobert_top2_23,all,,90.72603633198446,83.08512753720679,91.08589499702391,1.4394346601578816,per_label,valid aligned saved probabilities; exact nested OOF thresholds
existing_probability_bank,A,evaluated,visobert_leave1out,all,,90.72603633198446,83.08512753720679,91.08589499702391,1.4394346601578816,per_label,valid aligned saved probabilities; exact nested OOF thresholds
existing_probability_bank,A,evaluated,phobert_seed1,all,,91.08919642182362,83.19527908335152,91.38108057614573,1.1675366172884074,per_label,valid aligned saved probabilities; exact nested OOF thresholds
existing_probability_bank,A,evaluated,phobert_seed2,all,,90.71470913953883,82.44136742628271,91.0856505205303,1.4837655239659107,per_label,valid aligned saved probabilities; exact nested OOF thresholds
existing_probability_bank,A,evaluated,phobert_seed3,all,,91.19711141793499,82.95302625070069,91.46259441171212,1.0619319751084837,per_label,valid aligned saved probabilities; exact nested OOF thresholds
existing_probability_bank,A,evaluated,phobert_uniform3,all,,90.83046237459763,83.11474357804865,91.13393144642733,1.2138762873188262,per_label,valid aligned saved probabilities; exact nested OOF thresholds
existing_probability_bank,A,evaluated,phobert_top2_12,all,,90.40916062394784,82.64326266635727,90.7703380727052,1.4447097950293946,per_label,valid aligned saved probabilities; exact nested OOF thresholds
existing_probability_bank,A,evaluated,phobert_leave3out,all,,90.40916062394784,82.64326266635727,90.7703380727052,1.4447097950293946,per_label,valid aligned saved probabilities; exact nested OOF thresholds
existing_probability_bank,A,evaluated,phobert_top2_13,all,,90.55029332542493,83.26050577474835,90.93280151373197,1.5300327532281242,per_label,valid aligned saved probabilities; exact nested OOF thresholds
existing_probability_bank,A,evaluated,phobert_leave2out,all,,90.55029332542493,83.26050577474835,90.93280151373197,1.5300327532281242,per_label,valid aligned saved probabilities; exact nested OOF thresholds
existing_probability_bank,A,evaluated,phobert_top2_23,all,,91.22868827202682,83.07867960347437,91.51277580955026,1.1363501500938133,per_label,valid aligned saved probabilities; exact nested OOF thresholds
existing_probability_bank,A,evaluated,phobert_leave1out,all,,91.22868827202682,83.07867960347437,91.51277580955026,1.1363501500938133,per_label,valid aligned saved probabilities; exact nested OOF thresholds
cross_backbone_exact,A,evaluated,visobert_phobert_probability_blend,irony,0.3,97.03426717487098,97.35899971337379,97.33580932323405,1.2061685934522965,0.8528730039795238,alpha grid .30-.85 step .025; exact unique+midpoint threshold search
cross_backbone_exact,A,evaluated,visobert_phobert_probability_blend,idiom_figurative,0.3,96.71306657770126,97.00218761414368,96.98550406524286,1.089749950166409,0.9049169103304543,alpha grid .30-.85 step .025; exact unique+midpoint threshold search
cross_backbone_exact,A,evaluated,visobert_phobert_probability_blend,code_switching,0.3,79.24485849951014,80.20900148717251,80.2869476197746,4.1683564810577725,0.5956296506648261,alpha grid .30-.85 step .025; exact unique+midpoint threshold search
cross_backbone_exact,A,evaluated,visobert_phobert_probability_blend,irony,0.325,97.23662267120737,97.52069445348357,97.50262336522133,1.0640027760558015,0.8472216157863537,alpha grid .30-.85 step .025; exact unique+midpoint threshold search
cross_backbone_exact,A,evaluated,visobert_phobert_probability_blend,idiom_figurative,0.325,96.71306657770126,97.00218761414368,96.98550406524286,1.089749950166409,0.6473010383701572,alpha grid .30-.85 step .025; exact unique+midpoint threshold search
cross_backbone_exact,A,evaluated,visobert_phobert_probability_blend,code_switching,0.325,78.36443326701583,79.33805658110084,79.34204037053657,3.9104284140829795,0.5862651668411368,alpha grid .30-.85 step .025; exact unique+midpoint threshold search
cross_backbone_exact,A,evaluated,visobert_phobert_probability_blend,irony,0.35,97.23662267120737,97.52069445348357,97.50262336522133,1.0640027760558015,0.8415702275931833,alpha grid .30-.85 step .025; exact unique+midpoint threshold search
cross_backbone_exact,A,evaluated,visobert_phobert_probability_blend,idiom_figurative,0.35,96.71306657770126,97.00218761414368,96.98550406524286,1.089749950166409,0.6599458090650537,alpha grid .30-.85 step .025; exact unique+midpoint threshold search
cross_backbone_exact,A,evaluated,visobert_phobert_probability_blend,code_switching,0.35,79.23624005192715,80.41830844645386,80.40463022945538,4.673560710112922,0.5753678715943047,alpha grid .30-.85 step .025; exact unique+midpoint threshold search
cross_backbone_exact,A,evaluated,visobert_phobert_probability_blend,irony,0.375,97.23662267120737,97.52069445348357,97.50262336522133,1.0640027760558015,0.8359188394000132,alpha grid .30-.85 step .025; exact unique+midpoint threshold search
cross_backbone_exact,A,evaluated,visobert_phobert_probability_blend,idiom_figurative,0.375,96.71306657770126,97.00218761414368,96.98550406524286,1.089749950166409,0.6725905797599503,alpha grid .30-.85 step .025; exact unique+midpoint threshold search
cross_backbone_exact,A,evaluated,visobert_phobert_probability_blend,code_switching,0.375,79.23926002969192,80.31946144785091,80.31624052829766,4.307921994422937,0.5398883170758684,alpha grid .30-.85 step .025; exact unique+midpoint threshold search
cross_backbone_exact,A,evaluated,visobert_phobert_probability_blend,irony,0.4,97.23662267120737,97.52069445348357,97.50262336522133,1.0640027760558015,0.830267451206843,alpha grid .30-.85 step .025; exact unique+midpoint threshold search
cross_backbone_exact,A,evaluated,visobert_phobert_probability_blend,idiom_figurative,0.4,96.71306657770126,97.00218761414368,96.98550406524286,1.089749950166409,0.685235350454847,alpha grid .30-.85 step .025; exact unique+midpoint threshold search
cross_backbone_exact,A,evaluated,visobert_phobert_probability_blend,code_switching,0.4,79.82707117226909,80.7785266242323,80.82255910781063,3.9819517421661614,0.556756509716312,alpha grid .30-.85 step .025; exact unique+midpoint threshold search
cross_backbone_exact,A,evaluated,visobert_phobert_probability_blend,irony,0.425,97.23662267120737,97.52069445348357,97.50262336522133,1.0640027760558015,0.8246160630136727,alpha grid .30-.85 step .025; exact unique+midpoint threshold search
cross_backbone_exact,A,evaluated,visobert_phobert_probability_blend,idiom_figurative,0.425,96.71306657770126,97.00218761414368,96.98550406524286,1.089749950166409,0.6978801211497435,alpha grid .30-.85 step .025; exact unique+midpoint threshold search
cross_backbone_exact,A,evaluated,visobert_phobert_probability_blend,code_switching,0.425,79.16949744736846,80.54010854460066,80.37803900264768,4.834166221116897,0.5449825571655915,alpha grid .30-.85 step .025; exact unique+midpoint threshold search
cross_backbone_exact,A,evaluated,visobert_phobert_probability_blend,irony,0.45,97.23662267120737,97.52069445348357,97.50262336522133,1.0640027760558015,0.9603487690289814,alpha grid .30-.85 step .025; exact unique+midpoint threshold search
cross_backbone_exact,A,evaluated,visobert_phobert_probability_blend,idiom_figurative,0.45,96.71306657770126,97.00218761414368,96.98550406524286,1.089749950166409,0.7105248918446401,alpha grid .30-.85 step .025; exact unique+midpoint threshold search
cross_backbone_exact,A,evaluated,visobert_phobert_probability_blend,code_switching,0.45,80.00454887654224,80.97596176883505,81.05322373632569,4.194699439133809,0.5364713550157225,alpha grid .30-.85 step .025; exact unique+midpoint threshold search
cross_backbone_exact,A,evaluated,visobert_phobert_probability_blend,irony,0.475,97.03426717487098,97.35899971337379,97.33580932323405,1.2061685934522965,0.8133132866273323,alpha grid .30-.85 step .025; exact unique+midpoint threshold search
cross_backbone_exact,A,evaluated,visobert_phobert_probability_blend,idiom_figurative,0.475,96.71306657770126,97.00218761414368,96.98550406524286,1.089749950166409,0.9264976292848586,alpha grid .30-.85 step .025; exact unique+midpoint threshold search
cross_backbone_exact,A,evaluated,visobert_phobert_probability_blend,code_switching,0.475,80.00021137142866,80.81810068447166,80.9500044958204,3.799172497566914,0.5492710520823796,alpha grid .30-.85 step .025; exact unique+midpoint threshold search
cross_backbone_exact,A,evaluated,visobert_phobert_probability_blend,irony,0.5,97.23662267120737,97.52069445348357,97.50262336522133,1.0640027760558015,0.9622951745986937,alpha grid .30-.85 step .025; exact unique+midpoint threshold search
cross_backbone_exact,A,evaluated,visobert_phobert_probability_blend,idiom_figurative,0.5,96.60118282193625,96.83615390212958,96.82706689585106,0.9035362956592522,0.9295805891354878,alpha grid .30-.85 step .025; exact unique+midpoint threshold search
cross_backbone_exact,A,evaluated,visobert_phobert_probability_blend,code_switching,0.5,79.5480668651964,80.31946144785091,80.44046024284539,3.5695735105959443,0.4871766337503989,alpha grid .30-.85 step .025; exact unique+midpoint threshold search
cross_backbone_exact,A,evaluated,visobert_phobert_probability_blend,irony,0.525,97.23662267120737,97.52069445348357,97.50262336522133,1.0640027760558015,0.8187386568635702,alpha grid .30-.85 step .025; exact unique+midpoint threshold search
cross_backbone_exact,A,evaluated,visobert_phobert_probability_blend,idiom_figurative,0.525,96.71306657770126,97.00218761414368,96.98550406524286,1.089749950166409,0.7484592039293299,alpha grid .30-.85 step .025; exact unique+midpoint threshold search
cross_backbone_exact,A,evaluated,visobert_phobert_probability_blend,code_switching,0.525,80.62900791813517,81.50627025503734,81.5777178640466,3.7948397836457257,0.4979324186919256,alpha grid .30-.85 step .025; exact unique+midpoint threshold search
cross_backbone_exact,A,evaluated,visobert_phobert_probability_blend,irony,0.55,97.23662267120737,97.52069445348357,97.50262336522133,1.0640027760558015,0.8219364412128924,alpha grid .30-.85 step .025; exact unique+midpoint threshold search
cross_backbone_exact,A,evaluated,visobert_phobert_probability_blend,idiom_figurative,0.55,96.23730231564011,96.53787564049301,96.53454569683268,1.188973524770273,0.935746508836746,alpha grid .30-.85 step .025; exact unique+midpoint threshold search
cross_backbone_exact,A,evaluated,visobert_phobert_probability_blend,code_switching,0.55,80.04770860101618,80.93961730325367,80.96368408007251,3.6639019162253104,0.529363723595937,alpha grid .30-.85 step .025; exact unique+midpoint threshold search
cross_backbone_exact,A,evaluated,visobert_phobert_probability_blend,irony,0.575,97.23662267120737,97.52069445348357,97.50262336522133,1.0640027760558015,0.8251342255622147,alpha grid .30-.85 step .025; exact unique+midpoint threshold search
cross_backbone_exact,A,evaluated,visobert_phobert_probability_blend,idiom_figurative,0.575,96.3504256063724,96.70381157103404,96.69298286622447,1.370229039408313,0.773748745319123,alpha grid .30-.85 step .025; exact unique+midpoint threshold search
cross_backbone_exact,A,evaluated,visobert_phobert_probability_blend,code_switching,0.575,79.75436410872682,80.76094259262206,80.7855156528558,4.124606176515969,0.51904383910199,alpha grid .30-.85 step .025; exact unique+midpoint threshold search
cross_backbone_exact,A,evaluated,visobert_phobert_probability_blend,irony,0.6,97.03426717487098,97.35899971337379,97.33580932323405,1.2061685934522965,0.8283320099115371,alpha grid .30-.85 step .025; exact unique+midpoint threshold search
cross_backbone_exact,A,evaluated,visobert_phobert_probability_blend,idiom_figurative,0.6,96.50414642078185,96.85261421863001,96.83957223198476,1.3417032448116346,0.357155088831981,alpha grid .30-.85 step .025; exact unique+midpoint threshold search
cross_backbone_exact,A,evaluated,visobert_phobert_probability_blend,code_switching,0.6,80.09557328568881,81.05325838844428,81.07825171239652,3.9307137068308378,0.45778392075250546,alpha grid .30-.85 step .025; exact unique+midpoint threshold search
cross_backbone_exact,A,evaluated,visobert_phobert_probability_blend,irony,0.625,97.23662267120737,97.52069445348357,97.50262336522133,1.0640027760558015,0.9671611885229745,alpha grid .30-.85 step .025; exact unique+midpoint threshold search
cross_backbone_exact,A,evaluated,visobert_phobert_probability_blend,idiom_figurative,0.625,96.50414642078185,96.85261421863001,96.83957223198476,1.3417032448116346,0.3677670330119629,alpha grid .30-.85 step .025; exact unique+midpoint threshold search
cross_backbone_exact,A,evaluated,visobert_phobert_probability_blend,code_switching,0.625,80.44310973818232,81.34104172217707,81.33184639392474,3.554946622969681,0.5052500521608938,alpha grid .30-.85 step .025; exact unique+midpoint threshold search
cross_backbone_exact,A,evaluated,visobert_phobert_probability_blend,irony,0.65,97.23662267120737,97.52069445348357,97.50262336522133,1.0640027760558015,0.8347275786101818,alpha grid .30-.85 step .025; exact unique+midpoint threshold search
cross_backbone_exact,A,evaluated,visobert_phobert_probability_blend,idiom_figurative,0.65,96.50414642078185,96.85261421863001,96.83957223198476,1.3417032448116346,0.3768523182099064,alpha grid .30-.85 step .025; exact unique+midpoint threshold search
cross_backbone_exact,A,evaluated,visobert_phobert_probability_blend,code_switching,0.65,79.99829254236593,80.92944560124357,80.9481441478278,3.7994064218474732,0.49489111360162497,alpha grid .30-.85 step .025; exact unique+midpoint threshold search
cross_backbone_exact,A,evaluated,visobert_phobert_probability_blend,irony,0.675,97.14063422407914,97.35899971337379,97.34811451952521,0.8299211817843105,0.8374460127204657,alpha grid .30-.85 step .025; exact unique+midpoint threshold search
cross_backbone_exact,A,evaluated,visobert_phobert_probability_blend,idiom_figurative,0.675,96.50414642078185,96.85261421863001,96.83957223198476,1.3417032448116346,0.3859376034078498,alpha grid .30-.85 step .025; exact unique+midpoint threshold search
cross_backbone_exact,A,evaluated,visobert_phobert_probability_blend,code_switching,0.675,80.34474185846827,81.26186244998127,81.32375639121628,3.916058130992047,0.4804155941742162,alpha grid .30-.85 step .025; exact unique+midpoint threshold search
cross_backbone_exact,A,evaluated,visobert_phobert_probability_blend,irony,0.7,97.23662267120737,97.52069445348357,97.50262336522133,1.0640027760558015,0.9680315911769867,alpha grid .30-.85 step .025; exact unique+midpoint threshold search
cross_backbone_exact,A,evaluated,visobert_phobert_probability_blend,idiom_figurative,0.7,96.50414642078185,96.85261421863001,96.83957223198476,1.3417032448116346,0.3950228886057932,alpha grid .30-.85 step .025; exact unique+midpoint threshold search
cross_backbone_exact,A,evaluated,visobert_phobert_probability_blend,code_switching,0.7,79.82367384709238,80.7264367816092,80.72737134461698,3.6147899900983873,0.4523712548116843,alpha grid .30-.85 step .025; exact unique+midpoint threshold search
cross_backbone_exact,A,evaluated,visobert_phobert_probability_blend,irony,0.725,97.23662267120737,97.52069445348357,97.50262336522133,1.0640027760558015,0.8427510761966308,alpha grid .30-.85 step .025; exact unique+midpoint threshold search
cross_backbone_exact,A,evaluated,visobert_phobert_probability_blend,idiom_figurative,0.725,96.50414642078185,96.85261421863001,96.83957223198476,1.3417032448116346,0.4017263142469649,alpha grid .30-.85 step .025; exact unique+midpoint threshold search
cross_backbone_exact,A,evaluated,visobert_phobert_probability_blend,code_switching,0.725,80.44751636653028,81.35400031878645,81.37918592464048,3.726678232440819,0.45686523960903286,alpha grid .30-.85 step .025; exact unique+midpoint threshold search
cross_backbone_exact,A,evaluated,visobert_phobert_probability_blend,irony,0.75,97.23662267120737,97.52069445348357,97.50262336522133,1.0640027760558015,0.8454036079347134,alpha grid .30-.85 step .025; exact unique+midpoint threshold search
cross_backbone_exact,A,evaluated,visobert_phobert_probability_blend,idiom_figurative,0.75,96.36749339983497,96.70381157103404,96.68917142038654,1.2867120822063032,0.41273862084684265,alpha grid .30-.85 step .025; exact unique+midpoint threshold search
cross_backbone_exact,A,evaluated,visobert_phobert_probability_blend,code_switching,0.75,79.38384433440311,80.22104783691171,80.20984019234028,3.3039834317486743,0.4304814521844188,alpha grid .30-.85 step .025; exact unique+midpoint threshold search
cross_backbone_exact,A,evaluated,visobert_phobert_probability_blend,irony,0.775,97.23662267120737,97.52069445348357,97.50262336522133,1.0640027760558015,0.8480561396727959,alpha grid .30-.85 step .025; exact unique+midpoint threshold search
cross_backbone_exact,A,evaluated,visobert_phobert_probability_blend,idiom_figurative,0.775,96.36749339983497,96.70381157103404,96.68917142038654,1.2867120822063032,0.8749069108782956,alpha grid .30-.85 step .025; exact unique+midpoint threshold search
cross_backbone_exact,A,evaluated,visobert_phobert_probability_blend,code_switching,0.775,78.9248155995341,79.83499262536873,79.8107708160881,3.5438208662159636,0.40921322409218797,alpha grid .30-.85 step .025; exact unique+midpoint threshold search
cross_backbone_exact,A,evaluated,visobert_phobert_probability_blend,irony,0.8,97.23662267120737,97.52069445348357,97.50262336522133,1.0640027760558015,0.8507086714108785,alpha grid .30-.85 step .025; exact unique+midpoint threshold search
cross_backbone_exact,A,evaluated,visobert_phobert_probability_blend,idiom_figurative,0.8,96.36749339983497,96.70381157103404,96.68917142038654,1.2867120822063032,0.8875516815731922,alpha grid .30-.85 step .025; exact unique+midpoint threshold search
cross_backbone_exact,A,evaluated,visobert_phobert_probability_blend,code_switching,0.8,78.70240163096143,79.74062207867006,79.66952656262812,3.8684997266667294,0.39930731964608035,alpha grid .30-.85 step .025; exact unique+midpoint threshold search
cross_backbone_exact,A,evaluated,visobert_phobert_probability_blend,irony,0.825,97.0354688698563,97.37243764369481,97.35632586122036,1.2834279654562144,0.853361203148961,alpha grid .30-.85 step .025; exact unique+midpoint threshold search
cross_backbone_exact,A,evaluated,visobert_phobert_probability_blend,idiom_figurative,0.825,96.36749339983497,96.70381157103404,96.68917142038654,1.2867120822063032,0.9001964522680888,alpha grid .30-.85 step .025; exact unique+midpoint threshold search
cross_backbone_exact,A,evaluated,visobert_phobert_probability_blend,code_switching,0.825,79.91956279339766,80.79853549130846,80.80601065548508,3.5457914483497173,0.38708656518720086,alpha grid .30-.85 step .025; exact unique+midpoint threshold search
cross_backbone_exact,A,evaluated,visobert_phobert_probability_blend,irony,0.85,97.0354688698563,97.37243764369481,97.35632586122036,1.2834279654562144,0.8560137348870436,alpha grid .30-.85 step .025; exact unique+midpoint threshold search
cross_backbone_exact,A,evaluated,visobert_phobert_probability_blend,idiom_figurative,0.85,96.36749339983497,96.70381157103404,96.68917142038654,1.2867120822063032,0.9727420270442961,alpha grid .30-.85 step .025; exact unique+midpoint threshold search
cross_backbone_exact,A,evaluated,visobert_phobert_probability_blend,code_switching,0.85,79.07543840587093,80.1331662182021,80.0346699029499,3.8369259883159255,0.3698739638241628,alpha grid .30-.85 step .025; exact unique+midpoint threshold search
cross_backbone_exact,B,frozen_for_single_test_evaluation,exact_target_cross_backbone,all_targets,"{""code_switching"": 0.525, ""idiom_figurative"": 0.475, ""irony"": 0.5}",91.71518923051637,84.32598782511026,92.02194843150362,1.227036803948929,"{""code_switching"": 0.4979324186919256, ""idiom_figurative"": 0.9264976292848586, ""implicit_sentiment"": 0.55, ""irony"": 0.9622951745986937, ""mocking"": 0.35, ""sarcasm"": 0.87}",protected labels fixed to incumbent probabilities and thresholds; candidate frozen before test labels
compact_encoder_screen,A,rejected,visobert_clsmeanmax_mlp_20261021,all,,90.10110203597168,82.38473398478784,90.37208240169078,1.0839214628764549,exact_per_label,one-seed compact architecture; development-only; test not evaluated
new_target_representation,A,evaluated,irony_tapt_viso_attention_hard_20261111,irony,,97.23662267120737,97.52069445348357,97.50262336522133,1.0640027760558015,0.6007367745041847,dedicated binary expert; exact nested OOF threshold; train-only checkpoint selection
new_target_representation,A,evaluated,idiom_tapt_viso_attention_hard_20261121,idiom_figurative,,96.54501066149261,96.86888454011742,96.86788677870254,1.2915044688397248,0.0695622693747282,dedicated binary expert; exact nested OOF threshold; train-only checkpoint selection
new_target_representation,A,evaluated,code_tapt_viso_tokenaux_hard_20261131,code_switching,,77.45625451246075,78.50627990430623,78.39004577385742,3.735165045586693,0.4736069142818451,dedicated binary expert; exact nested OOF threshold; train-only checkpoint selection
new_target_representation,A,evaluated,irony_tapt_viso_attention_hard_3seed,irony,,97.00040654021807,97.35899971337379,97.3313403448939,1.323735218703339,0.9953428506851195,dedicated binary expert; exact nested OOF threshold; train-only checkpoint selection
new_target_representation,A,evaluated,irony_tapt_pho_clsmean_hard_20261114,irony,,97.1455283211196,97.37243764369481,97.35554634513885,0.8400720960770155,0.8620081543922424,dedicated binary expert; exact nested OOF threshold; train-only checkpoint selection
new_target_representation,A,evaluated,idiom_tapt_pho_clsmeanmax_hard_20261122,idiom_figurative,,96.71306657770126,97.00218761414368,96.98550406524286,1.089749950166409,0.5538873225450516,dedicated binary expert; exact nested OOF threshold; train-only checkpoint selection
